id,tytul,program,status,region,operator,data_od,data_do,dofinansowanie_proc,kwota_max,typ_firmy,bur,nabor_ciagly,wiarygodnosc,do_3h_od_poznania,url,pierwsze_wykrycie,ostatnia_weryfikacja,nowy,zmieniony
b602a95960937cbe,WARP – Usługi rozwojowe dla Twojego biznesu,BUR,aktywny,wielkopolskie,WARP,2023-12-13,2026-06-02,70,60000,"mikro, średnie, małe",tak,True,wysoka,tak,https://warp.org.pl/dotacje/przedsiebiorca/uslugi-rozwojowe-dla-twojego-biznesu/wazne-informacje-ub/,2026-08-17,2026-09-11,False,False
3b0b5c48fe2b9962,KARR – nabór ciągły kwalifikacji dla pracowników MŚP,BUR,aktywny,zachodniopomorskie,Koszalińska Agencja Rozwoju Regionalnego,2026-07-02,2026-07-02,,,do weryfikacji,tak,True,wysoka,częściowo,https://uslugirozwojowe.karrsa.pl/2026/07/02/komunikat-w-sprawie-ograniczenia-naboru-wnioskow/,2026-08-19,2026-10-09,False,False
4c1a166d5d5d6028,Rekrutacja – Usługi rozwojowe w subregionie pilskim,BUR,aktywny,wielkopolskie,Fundusz Rozwoju i Promocji Województwa Wielkopolskiego,2026-04-01,2026-09-16,,,"mikro, małe, średnie",tak,True,wysoka,tak,https://rozwijamy.eu/strona-glowna/,2026-08-19,2026-10-09,False,False
24f7a457fd46b982,NABÓR WNIOSKÓW Z KRAJOWEGO FUNDUSZU SZKOLENIOWEGO 2026,KFS,aktywny,wielkopolskie,PUP Słupca,2026-10-05,2026-10-09,,,do weryfikacji,tak,False,wysoka,tak,https://slupca.praca.gov.pl/strona-glowna/-/asset_publisher/ULr9M4U6OIB8/content/nabor-wnioskow-z-krajowego-funduszu-szkoleniowego-2026-1?p_r_p_assetEntryId=69222358,2026-09-18,2026-10-09,False,False
78ea417aeb99a02a,Nabór wniosków z Krajowego Funduszu Szkoleniowego,KFS,aktywny,lubuskie,PUP Wschowa,2026-10-09,2026-10-09,,,do weryfikacji,nieokreślone,False,wysoka,tak,https://wschowa.praca.gov.pl/strona-glowna/-/asset_publisher/Qat7ebECUfDp/content/nabor-wnioskow-z-krajowego-funduszu-szkoleniowego-1?p_r_p_assetEntryId=69193994,2026-09-21,2026-10-09,False,False
fdea60e676017b81,Ogłoszenie II naboru wniosków o przyznanie środków Krajowego Funduszu Szkoleniowego na kształcenie ustawiczne,KFS,aktywny,wielkopolskie,PUP Kościan,2026-10-09,2026-10-09,,,duże,nieokreślone,False,wysoka,tak,https://koscian.praca.gov.pl/-/ogloszenie-naboru-wnioskow-o-przyznanie-srodkow-krajowego-funduszu-szkoleniowego-na-ksztalcenie-ustawiczne-1,2026-09-18,2026-10-09,False,False
cc6143759d47c100,V Nabór wniosków KFS 2026,KFS,aktywny,lubuskie,PUP Międzyrzecz,2026-10-05,2026-10-12,,,do weryfikacji,tak,False,wysoka,tak,https://miedzyrzecz.praca.gov.pl/strona-glowna/-/asset_publisher/Qat7ebECUfDp/content/iii-nabor-wnioskow-kfs-2026?p_r_p_assetEntryId=67305547,2026-09-18,2026-10-09,False,False
8864d0722f7d99b1,II NABÓR WNIOSKÓW ZE ŚRODKÓW KRAJOWEGO FUNDUSZU SZKOLENIOWEGO,KFS,aktywny,wielkopolskie,PUP Złotów,2026-10-07,2026-10-13,,,duże,nieokreślone,False,wysoka,tak,https://zlotow.praca.gov.pl/strona-glowna/-/asset_publisher/Qat7ebECUfDp/content/ii-nabor-wnioskow-ze-srodkow-krajowego-funduszu-szkoleniowego?p_r_p_assetEntryId=69345820,2026-09-23,2026-10-09,False,False
5b005c8b2e5c6e18,IV nabór wniosków o przyznanie środków z Krajowego Funduszu Szkoleniowego,KFS,aktywny,wielkopolskie,PUP Szamotuły,2026-10-09,2026-10-15,90,,do weryfikacji,nieokreślone,False,wysoka,tak,https://szamotuly.praca.gov.pl/strona-glowna/-/asset_publisher/Qat7ebECUfDp/content/iv-nabor-wnioskow-o-przyznanie-srodkow-z-krajowego-funduszu-szkoleniowego?p_r_p_assetEntryId=69440790,2026-09-28,2026-10-09,False,False
8607a7aaa1e15ab1,OGŁOSZENIE INFORMACYJNE O NABORZE WNIOSKÓW O PRZYZNANIE ŚRODKÓW Z KRAJOWEGO FUNDUSZU SZKOLENIOWEGO (KFS) NA SFINANSOWANIE KOSZTÓW KSZTAŁCENIA USTAWICZNEGO,KFS,aktywny,kujawsko-pomorskie,PUP dla Powiatu Toruńskiego,2026-10-09,2026-10-15,,,do weryfikacji,nieokreślone,False,wysoka,tak,https://torun.praca.gov.pl/strona-glowna/-/asset_publisher/Qat7ebECUfDp/content/ogloszenie-informacyjne-o-naborze-wnioskow-o-przyznanie-srodkow-z-krajowego-funduszu-szkoleniowego-kfs-na-sfinansowanie-kosztow-ksztalcenia-ustawicznego-1?p_r_p_assetEntryId=69440919,2026-09-28,2026-10-09,False,False
4c5a04639b238d60,Ogłoszenie o konkursie KFS 2026 - nabór od 12.10.2026 r. do 16.10.2026 r.,KFS,zapowiedziany,kujawsko-pomorskie,PUP Nakło nad Notecią,2026-10-12,2026-10-16,,,do weryfikacji,nieokreślone,False,wysoka,tak,https://naklo.praca.gov.pl/-/ogloszenie-o-konkursie-kfs-2026-skopiuj-,2026-09-28,2026-10-09,False,False
fbb67be33e10baf1,Powiatowy Urząd Pracy w Żninie ogłasza nabór wniosków o przyznanie środków Krajowego Funduszu Szkoleniowego (KFS) na finansowanie kosztów kształcenia ustawicznego,KFS,zapowiedziany,kujawsko-pomorskie,PUP Żnin,2026-10-12,2026-10-16,,,do weryfikacji,nieokreślone,False,wysoka,tak,https://znin.praca.gov.pl/-/powiatowy-urzad-pracy-w-zninie-oglasza-nabor-wnioskow-o-przyznanie-srodkow-krajowego-funduszu-szkoleniowego-kfs-na-finansowanie-kosztow-ksztalcenia-ustawicznego-3,2026-09-25,2026-10-09,False,False
b7aaae4f6ac411cc,Automatyzacja procesów biznesowych i produkcyjnych – rekrutacja,BUR,aktywny,Polska,Ostrowskie Centrum Wspierania Przedsiębiorczości,2026-01-01,2026-10-21,,,"mikro, średnie, małe",tak,False,wysoka,nie,https://automatyzacja.ocwp.org.pl/rekrutacja/,2026-09-21,2026-10-09,False,False
11f697321bb22e93,Informacja o planowanym III naborze wniosków o dofinansowanie kosztów kształcenia ustawicznego ze środków Krajowego Funduszu Szkoleniowego,KFS,zapowiedziany,zachodniopomorskie,PUP Szczecin,2026-10-20,2026-10-26,,,duże,tak,False,wysoka,tak,https://szczecin.praca.gov.pl/strona-glowna/-/asset_publisher/Qat7ebECUfDp/content/informacja-o-planowanym-iii-naborze-wnioskow-o-dofinansowanie-kosztow-ksztalcenia-ustawicznego-ze-srodkow-krajowego-funduszu-szkoleniowego?p_r_p_assetEntryId=69785389,2026-10-07,2026-10-09,False,False
5c7bd8ad9276e9b5,OGŁOSZENIE O NABORZE,KFS,zapowiedziany,zachodniopomorskie,PUP Pyrzyce,2026-10-20,2026-10-26,,,do weryfikacji,nieokreślone,False,wysoka,tak,https://pyrzyce.praca.gov.pl/strona-glowna/-/asset_publisher/LnnBy2Xj6VqD/content/ogloszenie-o-naborze-3?p_r_p_assetEntryId=69791134,2026-10-07,2026-10-09,False,False
e98e52505a2156bb,GOZ – Nowe Perspektywy dla Biznesu – nabór ciągły,FERS,aktywny,Polska,Instytut Nauk Społeczno-Ekonomicznych,2024-05-06,2026-11-30,,,"mikro, średnie",nieokreślone,True,wysoka,nie,https://goz.inse.pl/aktualnosci/,2026-08-19,2026-10-09,False,False
72a87ab589617ee9,Nabór wniosków w sprawie przyznania środków z Krajowego Funduszu Szkoleniowego,KFS,aktywny,lubuskie,PUP Żagań,2025-11-25,2026-11-30,,,do weryfikacji,nieokreślone,False,wysoka,tak,https://zagan.praca.gov.pl/strona-glowna/-/asset_publisher/Qat7ebECUfDp/content/nabor-wnioskow-w-sprawie-przyznania-srodkow-z-krajowego-funduszu-szkoleniowego-3?p_r_p_assetEntryId=69595302,2026-10-02,2026-10-09,False,False
5ac7cd474eb51439,ZARR – usługi rozwojowe dla MMŚP,BUR,aktywny,zachodniopomorskie,Zachodniopomorska Agencja Rozwoju Regionalnego,2024-02-01,2027-01-31,80,200000,"mikro, średnie, małe",tak,True,wysoka,częściowo,http://www.zarr.com.pl/oferta/uslugi-rozwojowe-3/,2026-08-19,2026-10-09,False,False
05075791666392cb,Subregion kaliski inwestuje w kadry,BUR,aktywny,wielkopolskie,Kaliski Inkubator Przedsiębiorczości,2024-01-15,2028-12-29,70,55000,"mikro, średnie, duże",tak,False,wysoka,tak,https://inkubator.kalisz.pl/finansujemy/dofinansowania-do-szkolen/subregion-kaliski-inwestuje-w-kadry-nowa-edycja-2024/,2026-08-19,2026-10-09,False,False
270c37bab7a36ee5,Lubuskie Bony Rozwojowe – szkolenia i doradztwo dla firm,BUR,aktywny,lubuskie,Zachodnia Izba Przemysłowo-Handlowa / Agencja Rozwoju Regionalnego S.A.,2022-04-13,2029-12-01,85,100000,"mikro, średnie, duże, małe",tak,True,wysoka,tak,https://www.lubuskiebony.pl/files/documentation/3191105688/regulamin-naboru-i-uczestnictwa-w-projekcie-wersja-obowiazujaca-od-18-lutego-2026-r.pdf,2026-08-19,2026-10-09,False,False
75c2977551771161,Dyrektywa EAA – nowe możliwości dla biznesu – rekrutacja,FERS,aktywny,Polska,CERTES,,,,,"mikro, średnie, duże, małe",nieokreślone,False,wysoka,nie,https://dyrektywaeaa.certes.pl/rekrutacja/,2026-08-19,2026-10-09,False,False
32f4b288ab17359c,Harmonogram naboru wniosków na formy pomocy - październik 2026 roku,KFS,do weryfikacji,wielkopolskie,PUP Wągrowiec,,,,,do weryfikacji,nieokreślone,False,średnia,tak,https://wagrowiec.praca.gov.pl/strona-glowna/-/asset_publisher/fmagGT1YR1IU/content/harmonogram-naboru-wnioskow-na-formy-pomocy-sierpien-2026-roku?p_r_p_assetEntryId=69794579,2026-10-07,2026-10-09,False,False
3ba9b620a025ba73,I-D-EAA Academy – rekrutacja,FERS,aktywny,Polska,Sense Consulting,,,,,do weryfikacji,nieokreślone,False,wysoka,nie,https://dyrektywaeaa.pl/rekrutacja/,2026-08-19,2026-10-09,False,False
8354e61469dbdf54,Informacja o planowanym naborze wniosków o finansowanie...,KFS,do weryfikacji,zachodniopomorskie,PUP Białogard,,,,,duże,tak,False,średnia,częściowo,https://bialogard.praca.gov.pl/strona-glowna/-/asset_publisher/ZvwkDPbe0N0k/content/informacja-o-planowanym-naborze-wnioskow-o-finansowanie-dzialan-ze-srodkow-kfs-krajowego-funduszu-szkoleniowego-?p_r_p_assetEntryId=61399028,2026-08-21,2026-10-09,False,False
b90d7dfaac782213,Nabór wniosków z KFS 2026 Powiatowy Urząd Pracy w...,KFS,do weryfikacji,lubuskie,PUP Międzyrzecz,,,,,do weryfikacji,nieokreślone,False,średnia,tak,https://miedzyrzecz.praca.gov.pl/strona-glowna/-/asset_publisher/Qat7ebECUfDp/content/nabor-wnioskow-z-kfs-2026-powiatowy-urzad-pracy-w-miedzyrzeczu-oglasza-nabor-wnioskow-kfs-05.10.2026-do-12.10.2026?p_r_p_assetEntryId=69734952,2026-10-05,2026-10-09,False,False
tarr-rfs2-20260915,RFS II – wznowienie naboru usług rozwojowych dla przedsiębiorców,BUR,do weryfikacji,kujawsko-pomorskie,Toruńska Agencja Rozwoju Regionalnego,2026-09-15,,,,do weryfikacji,tak,False,wysoka,tak,https://uslugirozwojowe.tarr.org.pl/aktualnosci/wznowienie-naboru-wnioskow-0,2026-09-05,2026-09-05,False,False
054e9140403c8f2e,ROZLICZENIE UMÓW KFS Z NABORU KWIETNIOWEGO BR.,KFS,do weryfikacji,kujawsko-pomorskie,PUP Bydgoszcz,,,,,do weryfikacji,nieokreślone,False,średnia,tak,https://bydgoszcz.praca.gov.pl/-/rozliczenie-umow-kfs-z-naboru-kwietniowego-br.-1,2026-09-18,2026-10-09,False,False
8863a5cdbf99649c,Regionalny Fundusz Szkoleniowy II – aktywna oferta,BUR,aktywny,kujawsko-pomorskie,Kujawsko-Pomorski Fundusz Pożyczkowy,,,,,"mikro, średnie",tak,False,wysoka,tak,https://kpfp.org.pl/oferta-finansowania/regionalny-fundusz-szkoleniowy/,2026-08-19,2026-10-09,False,False
